step,val_f1,eval_loss,train_loss
14,,,1.271
14,0.7067271352985638,1.010563850402832,
28,,,0.8502
28,0.9618639455782313,0.5763160586357117,
42,,,0.4652
42,0.9811057756435907,0.2786024510860443,
56,,,0.2099
56,0.9715979519309152,0.1299031525850296,
70,,,0.0906
70,0.980945590357355,0.08913649618625641,
84,,,0.0451
84,0.9811057756435907,0.07763165235519409,
98,,,0.0291
98,0.9811057756435907,0.07024303078651428,
112,,,0.0229
112,0.9811057756435907,0.06892266869544983,
